Treatment_Function,Replicate_Num,Step_Num,X_Location,Y_Location,Score,Last_Move,Rewards_rem
play_greedily,1,1,4,4,895,L,25
play_greedily,1,2,3,4,985,F,24
play_greedily,1,3,3,4,980,L,24
play_greedily,1,4,3,5,1020,F,23
play_greedily,1,5,3,6,1060,F,22
play_greedily,1,6,3,7,1150,F,21
play_greedily,1,7,3,7,1145,R,21
play_greedily,1,8,3,7,1140,R,21
play_greedily,1,9,3,6,1130,F,21
play_greedily,1,10,3,6,1125,R,21
play_greedily,1,11,4,6,1215,F,20
play_greedily,1,12,5,6,1255,F,19
play_greedily,1,13,5,6,1250,L,19
play_greedily,1,14,5,5,1290,F,18
play_greedily,1,15,5,4,1280,F,18
play_greedily,1,16,5,3,1320,F,17
play_greedily,1,17,5,3,1315,R,17
play_greedily,1,18,6,3,1355,F,16
play_greedily,1,19,7,3,1395,F,15
play_greedily,1,20,8,3,1485,F,14
play_greedily,1,21,8,3,1480,L,14
play_greedily,1,22,8,2,1470,F,14
play_greedily,1,23,8,1,1460,F,14
play_greedily,1,24,8,1,1455,L,14
play_greedily,1,25,7,1,1495,F,13
play_greedily,1,26,7,1,1490,R,13
play_greedily,1,27,7,0,1530,F,12
play_greedily,1,28,7,0,1525,R,12
play_greedily,1,29,7,0,1520,R,12
play_greedily,1,30,7,1,1510,F,12
play_greedily,1,31,7,1,1505,R,12
play_greedily,1,32,6,1,1495,F,12
play_greedily,1,33,6,1,1490,L,12
play_greedily,1,34,6,2,1530,F,11
play_greedily,1,35,6,3,1520,F,11
play_greedily,1,36,6,4,1510,F,11
play_greedily,1,37,6,5,1500,F,11
play_greedily,1,38,6,5,1495,R,11
play_greedily,1,39,5,5,1485,F,11
play_greedily,1,40,4,5,1475,F,11
play_greedily,1,41,3,5,1465,F,11
play_greedily,1,42,2,5,1505,F,10
play_greedily,1,43,1,5,1545,F,9
play_greedily,1,44,0,5,1535,F,9
play_greedily,1,45,0,5,1530,R,9
play_greedily,1,46,0,5,1525,R,9
play_greedily,1,47,1,5,1515,F,9
play_greedily,1,48,2,5,1505,F,9
play_greedily,1,49,3,5,1495,F,9
play_greedily,1,50,4,5,1485,F,9
play_greedily,1,51,5,5,1475,F,9
play_greedily,1,52,6,5,1465,F,9
play_greedily,1,53,6,5,1460,L,9
play_greedily,1,54,6,4,1450,F,9
play_greedily,1,55,6,3,1440,F,9
play_greedily,1,56,6,2,1430,F,9
play_greedily,1,57,6,1,1420,F,9
play_greedily,1,58,6,0,1410,F,9
play_greedily,1,59,6,0,1405,R,9
play_greedily,1,60,7,0,1395,F,9
play_greedily,1,61,7,0,1390,R,9
play_greedily,1,62,7,1,1380,F,9
play_greedily,1,63,7,1,1375,R,9
play_greedily,1,64,6,1,1365,F,9
play_greedily,1,65,5,1,1355,F,9
play_greedily,1,66,5,1,1350,R,9
play_greedily,1,67,5,1,1345,R,9
play_greedily,1,68,6,1,1335,F,9
play_greedily,1,69,7,1,1325,F,9
play_greedily,1,70,8,1,1315,F,9
play_greedily,1,71,8,1,1310,R,9
play_greedily,1,72,8,2,1300,F,9
play_greedily,1,73,8,3,1290,F,9
play_greedily,1,74,8,4,1280,F,9
play_greedily,1,75,8,5,1270,F,9
play_greedily,1,76,8,6,1260,F,9
play_greedily,1,77,8,6,1255,R,9
play_greedily,1,78,7,6,1295,F,8
play_greedily,1,79,7,6,1290,R,8
play_greedily,1,80,7,6,1285,R,8
play_greedily,1,81,8,6,1275,F,8
play_greedily,1,82,8,6,1270,L,8
play_greedily,1,83,8,5,1260,F,8
play_greedily,1,84,8,4,1250,F,8
play_greedily,1,85,8,3,1240,F,8
play_greedily,1,86,8,2,1230,F,8
play_greedily,1,87,8,1,1220,F,8
play_greedily,1,88,8,1,1215,R,8
play_greedily,1,89,8,1,1210,R,8
play_greedily,1,90,8,2,1200,F,8
play_greedily,1,91,8,3,1190,F,8
play_greedily,1,92,8,4,1180,F,8
play_greedily,1,93,8,5,1170,F,8
play_greedily,1,94,8,6,1160,F,8
play_greedily,1,95,8,6,1155,R,8
play_greedily,1,96,7,6,1145,F,8
play_greedily,1,97,7,6,1140,R,8
play_greedily,1,98,7,6,1135,R,8
play_greedily,1,99,8,6,1125,F,8
play_greedily,1,100,8,6,1120,L,8
play_greedily,2,1,4,4,995,L,26
play_greedily,2,2,3,4,1085,F,25
play_greedily,2,3,3,4,1080,R,25
play_greedily,2,4,3,3,1170,F,24
play_greedily,2,5,3,2,1210,F,23
play_greedily,2,6,3,1,1300,F,22
play_greedily,2,7,3,0,1340,F,21
play_greedily,2,8,3,0,1335,L,21
play_greedily,2,9,2,0,1375,F,20
play_greedily,2,10,1,0,1365,F,20
play_greedily,2,11,0,0,1405,F,19
play_greedily,2,12,0,0,1400,R,19
play_greedily,2,13,0,0,1395,R,19
play_greedily,2,14,1,0,1385,F,19
play_greedily,2,15,2,0,1375,F,19
play_greedily,2,16,3,0,1365,F,19
play_greedily,2,17,4,0,1355,F,19
play_greedily,2,18,5,0,1345,F,19
play_greedily,2,19,6,0,1335,F,19
play_greedily,2,20,6,0,1330,R,19
play_greedily,2,21,6,1,1420,F,18
play_greedily,2,22,6,1,1415,L,18
play_greedily,2,23,7,1,1505,F,17
play_greedily,2,24,7,1,1500,R,17
play_greedily,2,25,7,2,1490,F,17
play_greedily,2,26,7,2,1485,L,17
play_greedily,2,27,8,2,1575,F,16
play_greedily,2,28,8,2,1570,R,16
play_greedily,2,29,8,2,1565,R,16
play_greedily,2,30,7,2,1555,F,16
play_greedily,2,31,7,2,1550,L,16
play_greedily,2,32,7,3,1590,F,15
play_greedily,2,33,7,3,1585,R,15
play_greedily,2,34,6,3,1625,F,14
play_greedily,2,35,5,3,1615,F,14
play_greedily,2,36,5,3,1610,L,14
play_greedily,2,37,5,4,1650,F,13
play_greedily,2,38,5,5,1690,F,12
play_greedily,2,39,5,6,1680,F,12
play_greedily,2,40,5,7,1770,F,11
play_greedily,2,41,5,8,1810,F,10
play_greedily,2,42,5,8,1805,R,10
play_greedily,2,43,4,8,1795,F,10
play_greedily,2,44,4,8,1790,R,10
play_greedily,2,45,4,7,1780,F,10
play_greedily,2,46,4,7,1775,L,10
play_greedily,2,47,3,7,1865,F,9
play_greedily,2,48,2,7,1855,F,9
play_greedily,2,49,2,7,1850,R,9
play_greedily,2,50,2,6,1890,F,8
play_greedily,2,51,2,5,1930,F,7
play_greedily,2,52,2,4,1920,F,7
play_greedily,2,53,2,3,1910,F,7
play_greedily,2,54,2,2,1950,F,6
play_greedily,2,55,2,1,1940,F,6
play_greedily,2,56,2,0,1930,F,6
play_greedily,2,57,2,0,1925,R,6
play_greedily,2,58,3,0,1915,F,6
play_greedily,2,59,4,0,1905,F,6
play_greedily,2,60,5,0,1895,F,6
play_greedily,2,61,6,0,1885,F,6
play_greedily,2,62,6,0,1880,R,6
play_greedily,2,63,6,1,1870,F,6
play_greedily,2,64,6,2,1860,F,6
play_greedily,2,65,6,3,1850,F,6
play_greedily,2,66,6,3,1845,R,6
play_greedily,2,67,5,3,1835,F,6
play_greedily,2,68,5,3,1830,R,6
play_greedily,2,69,5,2,1820,F,6
play_greedily,2,70,5,1,1810,F,6
play_greedily,2,71,5,0,1800,F,6
play_greedily,2,72,5,0,1795,R,6
play_greedily,2,73,6,0,1785,F,6
play_greedily,2,74,6,0,1780,R,6
play_greedily,2,75,6,1,1770,F,6
play_greedily,2,76,6,2,1760,F,6
play_greedily,2,77,6,3,1750,F,6
play_greedily,2,78,6,3,1745,R,6
play_greedily,2,79,5,3,1735,F,6
play_greedily,2,80,5,3,1730,R,6
play_greedily,2,81,5,2,1720,F,6
play_greedily,2,82,5,1,1710,F,6
play_greedily,2,83,5,0,1700,F,6
play_greedily,2,84,5,0,1695,R,6
play_greedily,2,85,6,0,1685,F,6
play_greedily,2,86,6,0,1680,R,6
play_greedily,2,87,6,1,1670,F,6
play_greedily,2,88,6,2,1660,F,6
play_greedily,2,89,6,3,1650,F,6
play_greedily,2,90,6,3,1645,R,6
play_greedily,2,91,5,3,1635,F,6
play_greedily,2,92,5,3,1630,R,6
play_greedily,2,93,5,2,1620,F,6
play_greedily,2,94,5,1,1610,F,6
play_greedily,2,95,5,0,1600,F,6
play_greedily,2,96,5,0,1595,R,6
play_greedily,2,97,6,0,1585,F,6
play_greedily,2,98,6,0,1580,R,6
play_greedily,2,99,6,1,1570,F,6
play_greedily,2,100,6,2,1560,F,6
play_greedily,3,1,4,3,1040,F,20
play_greedily,3,2,4,3,1035,R,20
play_greedily,3,3,5,3,1075,F,19
play_greedily,3,4,5,3,1070,L,19
play_greedily,3,5,5,2,1110,F,18
play_greedily,3,6,5,1,1100,F,18
play_greedily,3,7,5,1,1095,L,18
play_greedily,3,8,4,1,1185,F,17
play_greedily,3,9,4,1,1180,R,17
play_greedily,3,10,4,0,1170,F,17
play_greedily,3,11,4,0,1165,R,17
play_greedily,3,12,4,0,1160,R,17
play_greedily,3,13,4,1,1150,F,17
play_greedily,3,14,4,2,1140,F,17
play_greedily,3,15,4,2,1135,R,17
play_greedily,3,16,3,2,1175,F,16
play_greedily,3,17,2,2,1215,F,15
play_greedily,3,18,1,2,1205,F,15
play_greedily,3,19,0,2,1195,F,15
play_greedily,3,20,0,2,1190,R,15
play_greedily,3,21,0,1,1180,F,15
play_greedily,3,22,0,1,1175,R,15
play_greedily,3,23,0,1,1170,R,15
play_greedily,3,24,0,2,1160,F,15
play_greedily,3,25,0,3,1150,F,15
play_greedily,3,26,0,4,1140,F,15
play_greedily,3,27,0,5,1230,F,14
play_greedily,3,28,0,5,1225,R,14
play_greedily,3,29,0,5,1220,R,14
play_greedily,3,30,0,4,1210,F,14
play_greedily,3,31,0,4,1205,R,14
play_greedily,3,32,1,4,1245,F,13
play_greedily,3,33,2,4,1235,F,13
play_greedily,3,34,2,4,1230,R,13
play_greedily,3,35,2,5,1320,F,12
play_greedily,3,36,2,6,1410,F,11
play_greedily,3,37,2,6,1405,R,11
play_greedily,3,38,1,6,1495,F,10
play_greedily,3,39,1,6,1490,L,10
play_greedily,3,40,1,7,1580,F,9
play_greedily,3,41,1,8,1570,F,9
play_greedily,3,42,1,8,1565,R,9
play_greedily,3,43,0,8,1555,F,9
play_greedily,3,44,0,8,1550,R,9
play_greedily,3,45,0,7,1540,F,9
play_greedily,3,46,0,7,1535,R,9
play_greedily,3,47,1,7,1525,F,9
play_greedily,3,48,2,7,1515,F,9
play_greedily,3,49,2,7,1510,L,9
play_greedily,3,50,2,6,1500,F,9
play_greedily,3,51,2,5,1490,F,9
play_greedily,3,52,2,4,1480,F,9
play_greedily,3,53,2,4,1475,R,9
play_greedily,3,54,3,4,1465,F,9
play_greedily,3,55,4,4,1455,F,9
play_greedily,3,56,5,4,1445,F,9
play_greedily,3,57,6,4,1535,F,8
play_greedily,3,58,6,4,1530,R,8
play_greedily,3,59,6,5,1570,F,7
play_greedily,3,60,6,5,1565,R,7
play_greedily,3,61,5,5,1555,F,7
play_greedily,3,62,4,5,1545,F,7
play_greedily,3,63,4,5,1540,R,7
play_greedily,3,64,4,4,1530,F,7
play_greedily,3,65,4,3,1520,F,7
play_greedily,3,66,4,2,1510,F,7
play_greedily,3,67,4,1,1500,F,7
play_greedily,3,68,4,0,1490,F,7
play_greedily,3,69,4,0,1485,R,7
play_greedily,3,70,4,0,1480,R,7
play_greedily,3,71,4,1,1470,F,7
play_greedily,3,72,4,2,1460,F,7
play_greedily,3,73,4,3,1450,F,7
play_greedily,3,74,4,4,1440,F,7
play_greedily,3,75,4,5,1430,F,7
play_greedily,3,76,4,6,1420,F,7
play_greedily,3,77,4,6,1415,R,7
play_greedily,3,78,4,6,1410,R,7
play_greedily,3,79,4,5,1400,F,7
play_greedily,3,80,4,4,1390,F,7
play_greedily,3,81,4,3,1380,F,7
play_greedily,3,82,4,2,1370,F,7
play_greedily,3,83,4,1,1360,F,7
play_greedily,3,84,4,0,1350,F,7
play_greedily,3,85,4,0,1345,R,7
play_greedily,3,86,4,0,1340,R,7
play_greedily,3,87,4,1,1330,F,7
play_greedily,3,88,4,2,1320,F,7
play_greedily,3,89,4,3,1310,F,7
play_greedily,3,90,4,4,1300,F,7
play_greedily,3,91,4,5,1290,F,7
play_greedily,3,92,4,6,1280,F,7
play_greedily,3,93,4,6,1275,R,7
play_greedily,3,94,4,6,1270,R,7
play_greedily,3,95,4,5,1260,F,7
play_greedily,3,96,4,4,1250,F,7
play_greedily,3,97,4,3,1240,F,7
play_greedily,3,98,4,2,1230,F,7
play_greedily,3,99,4,1,1220,F,7
play_greedily,3,100,4,0,1210,F,7
play_greedily,4,1,4,3,1140,F,22
play_greedily,4,2,4,2,1130,F,22
play_greedily,4,3,4,2,1125,L,22
play_greedily,4,4,3,2,1165,F,21
play_greedily,4,5,2,2,1155,F,21
play_greedily,4,6,2,2,1150,R,21
play_greedily,4,7,2,1,1140,F,21
play_greedily,4,8,2,1,1135,L,21
play_greedily,4,9,1,1,1225,F,20
play_greedily,4,10,0,1,1215,F,20
play_greedily,4,11,0,1,1210,R,20
play_greedily,4,12,0,0,1250,F,19
play_greedily,4,13,0,0,1245,R,19
play_greedily,4,14,1,0,1235,F,19
play_greedily,4,15,2,0,1225,F,19
play_greedily,4,16,3,0,1265,F,18
play_greedily,4,17,3,0,1260,R,18
play_greedily,4,18,3,0,1255,R,18
play_greedily,4,19,2,0,1245,F,18
play_greedily,4,20,1,0,1235,F,18
play_greedily,4,21,0,0,1225,F,18
play_greedily,4,22,0,0,1220,R,18
play_greedily,4,23,0,0,1215,R,18
play_greedily,4,24,1,0,1205,F,18
play_greedily,4,25,2,0,1195,F,18
play_greedily,4,26,3,0,1185,F,18
play_greedily,4,27,3,0,1180,R,18
play_greedily,4,28,3,0,1175,R,18
play_greedily,4,29,2,0,1165,F,18
play_greedily,4,30,1,0,1155,F,18
play_greedily,4,31,0,0,1145,F,18
play_greedily,4,32,0,0,1140,R,18
play_greedily,4,33,0,0,1135,R,18
play_greedily,4,34,1,0,1125,F,18
play_greedily,4,35,2,0,1115,F,18
play_greedily,4,36,3,0,1105,F,18
play_greedily,4,37,3,0,1100,R,18
play_greedily,4,38,3,0,1095,R,18
play_greedily,4,39,2,0,1085,F,18
play_greedily,4,40,1,0,1075,F,18
play_greedily,4,41,0,0,1065,F,18
play_greedily,4,42,0,0,1060,R,18
play_greedily,4,43,0,0,1055,R,18
play_greedily,4,44,1,0,1045,F,18
play_greedily,4,45,2,0,1035,F,18
play_greedily,4,46,3,0,1025,F,18
play_greedily,4,47,3,0,1020,R,18
play_greedily,4,48,3,0,1015,R,18
play_greedily,4,49,2,0,1005,F,18
play_greedily,4,50,1,0,995,F,18
play_greedily,4,51,0,0,985,F,18
play_greedily,4,52,0,0,980,R,18
play_greedily,4,53,0,0,975,R,18
play_greedily,4,54,1,0,965,F,18
play_greedily,4,55,2,0,955,F,18
play_greedily,4,56,3,0,945,F,18
play_greedily,4,57,3,0,940,R,18
play_greedily,4,58,3,0,935,R,18
play_greedily,4,59,2,0,925,F,18
play_greedily,4,60,1,0,915,F,18
play_greedily,4,61,0,0,905,F,18
play_greedily,4,62,0,0,900,R,18
play_greedily,4,63,0,0,895,R,18
play_greedily,4,64,1,0,885,F,18
play_greedily,4,65,2,0,875,F,18
play_greedily,4,66,3,0,865,F,18
play_greedily,4,67,3,0,860,R,18
play_greedily,4,68,3,0,855,R,18
play_greedily,4,69,2,0,845,F,18
play_greedily,4,70,1,0,835,F,18
play_greedily,4,71,0,0,825,F,18
play_greedily,4,72,0,0,820,R,18
play_greedily,4,73,0,0,815,R,18
play_greedily,4,74,1,0,805,F,18
play_greedily,4,75,2,0,795,F,18
play_greedily,4,76,3,0,785,F,18
play_greedily,4,77,3,0,780,R,18
play_greedily,4,78,3,0,775,R,18
play_greedily,4,79,2,0,765,F,18
play_greedily,4,80,1,0,755,F,18
play_greedily,4,81,0,0,745,F,18
play_greedily,4,82,0,0,740,R,18
play_greedily,4,83,0,0,735,R,18
play_greedily,4,84,1,0,725,F,18
play_greedily,4,85,2,0,715,F,18
play_greedily,4,86,3,0,705,F,18
play_greedily,4,87,3,0,700,R,18
play_greedily,4,88,3,0,695,R,18
play_greedily,4,89,2,0,685,F,18
play_greedily,4,90,1,0,675,F,18
play_greedily,4,91,0,0,665,F,18
play_greedily,4,92,0,0,660,R,18
play_greedily,4,93,0,0,655,R,18
play_greedily,4,94,1,0,645,F,18
play_greedily,4,95,2,0,635,F,18
play_greedily,4,96,3,0,625,F,18
play_greedily,4,97,3,0,620,R,18
play_greedily,4,98,3,0,615,R,18
play_greedily,4,99,2,0,605,F,18
play_greedily,4,100,1,0,595,F,18
play_greedily,5,1,4,4,995,R,25
play_greedily,5,2,4,4,990,R,25
play_greedily,5,3,4,5,1030,F,24
play_greedily,5,4,4,5,1025,R,24
play_greedily,5,5,3,5,1065,F,23
play_greedily,5,6,3,5,1060,L,23
play_greedily,5,7,3,6,1150,F,22
play_greedily,5,8,3,7,1140,F,22
play_greedily,5,9,3,7,1135,L,22
play_greedily,5,10,4,7,1175,F,21
play_greedily,5,11,5,7,1265,F,20
play_greedily,5,12,6,7,1255,F,20
play_greedily,5,13,6,7,1250,L,20
play_greedily,5,14,6,6,1240,F,20
play_greedily,5,15,6,6,1235,R,20
play_greedily,5,16,7,6,1275,F,19
play_greedily,5,17,7,6,1270,L,19
play_greedily,5,18,7,5,1260,F,19
play_greedily,5,19,7,5,1255,R,19
play_greedily,5,20,8,5,1345,F,18
play_greedily,5,21,8,5,1340,L,18
play_greedily,5,22,8,4,1330,F,18
play_greedily,5,23,8,3,1320,F,18
play_greedily,5,24,8,2,1310,F,18
play_greedily,5,25,8,1,1300,F,18
play_greedily,5,26,8,1,1295,R,18
play_greedily,5,27,8,1,1290,R,18
play_greedily,5,28,8,2,1280,F,18
play_greedily,5,29,8,3,1270,F,18
play_greedily,5,30,8,4,1260,F,18
play_greedily,5,31,8,5,1250,F,18
play_greedily,5,32,8,5,1245,R,18
play_greedily,5,33,7,5,1235,F,18
play_greedily,5,34,6,5,1225,F,18
play_greedily,5,35,6,5,1220,R,18
play_greedily,5,36,6,4,1310,F,17
play_greedily,5,37,6,3,1300,F,17
play_greedily,5,38,6,2,1290,F,17
play_greedily,5,39,6,1,1380,F,16
play_greedily,5,40,6,1,1375,L,16
play_greedily,5,41,5,1,1415,F,15
play_greedily,5,42,4,1,1455,F,14
play_greedily,5,43,3,1,1445,F,14
play_greedily,5,44,2,1,1435,F,14
play_greedily,5,45,1,1,1425,F,14
play_greedily,5,46,1,1,1420,L,14
play_greedily,5,47,1,2,1460,F,13
play_greedily,5,48,1,3,1450,F,13
play_greedily,5,49,1,4,1540,F,12
play_greedily,5,50,1,5,1580,F,11
play_greedily,5,51,1,6,1620,F,10
play_greedily,5,52,1,6,1615,R,10
play_greedily,5,53,0,6,1605,F,10
play_greedily,5,54,0,6,1600,R,10
play_greedily,5,55,0,6,1595,R,10
play_greedily,5,56,1,6,1585,F,10
play_greedily,5,57,1,6,1580,L,10
play_greedily,5,58,1,5,1570,F,10
play_greedily,5,59,1,5,1565,R,10
play_greedily,5,60,2,5,1605,F,9
play_greedily,5,61,2,5,1600,L,9
play_greedily,5,62,2,4,1640,F,8
play_greedily,5,63,2,3,1630,F,8
play_greedily,5,64,2,2,1620,F,8
play_greedily,5,65,2,1,1610,F,8
play_greedily,5,66,2,1,1605,R,8
play_greedily,5,67,3,1,1595,F,8
play_greedily,5,68,4,1,1585,F,8
play_greedily,5,69,5,1,1575,F,8
play_greedily,5,70,5,1,1570,R,8
play_greedily,5,71,5,2,1610,F,7
play_greedily,5,72,5,3,1600,F,7
play_greedily,5,73,5,3,1595,R,7
play_greedily,5,74,4,3,1585,F,7
play_greedily,5,75,3,3,1575,F,7
play_greedily,5,76,2,3,1565,F,7
play_greedily,5,77,1,3,1555,F,7
play_greedily,5,78,0,3,1595,F,6
play_greedily,5,79,0,3,1590,R,6
play_greedily,5,80,0,3,1585,R,6
play_greedily,5,81,1,3,1575,F,6
play_greedily,5,82,2,3,1565,F,6
play_greedily,5,83,3,3,1555,F,6
play_greedily,5,84,4,3,1545,F,6
play_greedily,5,85,5,3,1535,F,6
play_greedily,5,86,6,3,1525,F,6
play_greedily,5,87,6,3,1520,L,6
play_greedily,5,88,6,2,1510,F,6
play_greedily,5,89,6,1,1500,F,6
play_greedily,5,90,6,0,1490,F,6
play_greedily,5,91,6,0,1485,R,6
play_greedily,5,92,6,0,1480,R,6
play_greedily,5,93,6,1,1470,F,6
play_greedily,5,94,6,2,1460,F,6
play_greedily,5,95,6,3,1450,F,6
play_greedily,5,96,6,4,1440,F,6
play_greedily,5,97,6,5,1430,F,6
play_greedily,5,98,6,6,1420,F,6
play_greedily,5,99,6,7,1410,F,6
play_greedily,5,100,6,8,1400,F,6
play_greedily,6,1,4,3,1040,F,26
play_greedily,6,2,4,3,1035,L,26
play_greedily,6,3,3,3,1075,F,25
play_greedily,6,4,2,3,1115,F,24
play_greedily,6,5,1,3,1155,F,23
play_greedily,6,6,0,3,1245,F,22
play_greedily,6,7,0,3,1240,R,22
play_greedily,6,8,0,3,1235,R,22
play_greedily,6,9,1,3,1225,F,22
play_greedily,6,10,2,3,1215,F,22
play_greedily,6,11,2,3,1210,L,22
play_greedily,6,12,2,2,1250,F,21
play_greedily,6,13,2,1,1340,F,20
play_greedily,6,14,2,0,1330,F,20
play_greedily,6,15,2,0,1325,R,20
play_greedily,6,16,3,0,1315,F,20
play_greedily,6,17,4,0,1355,F,19
play_greedily,6,18,4,0,1350,R,19
play_greedily,6,19,4,0,1345,R,19
play_greedily,6,20,3,0,1335,F,19
play_greedily,6,21,2,0,1325,F,19
play_greedily,6,22,1,0,1315,F,19
play_greedily,6,23,0,0,1305,F,19
play_greedily,6,24,0,0,1300,R,19
play_greedily,6,25,0,0,1295,R,19
play_greedily,6,26,1,0,1285,F,19
play_greedily,6,27,2,0,1275,F,19
play_greedily,6,28,3,0,1265,F,19
play_greedily,6,29,4,0,1255,F,19
play_greedily,6,30,4,0,1250,R,19
play_greedily,6,31,4,0,1245,R,19
play_greedily,6,32,3,0,1235,F,19
play_greedily,6,33,2,0,1225,F,19
play_greedily,6,34,1,0,1215,F,19
play_greedily,6,35,0,0,1205,F,19
play_greedily,6,36,0,0,1200,R,19
play_greedily,6,37,0,0,1195,R,19
play_greedily,6,38,1,0,1185,F,19
play_greedily,6,39,2,0,1175,F,19
play_greedily,6,40,3,0,1165,F,19
play_greedily,6,41,4,0,1155,F,19
play_greedily,6,42,4,0,1150,R,19
play_greedily,6,43,4,0,1145,R,19
play_greedily,6,44,3,0,1135,F,19
play_greedily,6,45,2,0,1125,F,19
play_greedily,6,46,1,0,1115,F,19
play_greedily,6,47,0,0,1105,F,19
play_greedily,6,48,0,0,1100,R,19
play_greedily,6,49,0,0,1095,R,19
play_greedily,6,50,1,0,1085,F,19
play_greedily,6,51,2,0,1075,F,19
play_greedily,6,52,3,0,1065,F,19
play_greedily,6,53,4,0,1055,F,19
play_greedily,6,54,4,0,1050,R,19
play_greedily,6,55,4,0,1045,R,19
play_greedily,6,56,3,0,1035,F,19
play_greedily,6,57,2,0,1025,F,19
play_greedily,6,58,1,0,1015,F,19
play_greedily,6,59,0,0,1005,F,19
play_greedily,6,60,0,0,1000,R,19
play_greedily,6,61,0,0,995,R,19
play_greedily,6,62,1,0,985,F,19
play_greedily,6,63,2,0,975,F,19
play_greedily,6,64,3,0,965,F,19
play_greedily,6,65,4,0,955,F,19
play_greedily,6,66,4,0,950,R,19
play_greedily,6,67,4,0,945,R,19
play_greedily,6,68,3,0,935,F,19
play_greedily,6,69,2,0,925,F,19
play_greedily,6,70,1,0,915,F,19
play_greedily,6,71,0,0,905,F,19
play_greedily,6,72,0,0,900,R,19
play_greedily,6,73,0,0,895,R,19
play_greedily,6,74,1,0,885,F,19
play_greedily,6,75,2,0,875,F,19
play_greedily,6,76,3,0,865,F,19
play_greedily,6,77,4,0,855,F,19
play_greedily,6,78,4,0,850,R,19
play_greedily,6,79,4,0,845,R,19
play_greedily,6,80,3,0,835,F,19
play_greedily,6,81,2,0,825,F,19
play_greedily,6,82,1,0,815,F,19
play_greedily,6,83,0,0,805,F,19
play_greedily,6,84,0,0,800,R,19
play_greedily,6,85,0,0,795,R,19
play_greedily,6,86,1,0,785,F,19
play_greedily,6,87,2,0,775,F,19
play_greedily,6,88,3,0,765,F,19
play_greedily,6,89,4,0,755,F,19
play_greedily,6,90,4,0,750,R,19
play_greedily,6,91,4,0,745,R,19
play_greedily,6,92,3,0,735,F,19
play_greedily,6,93,2,0,725,F,19
play_greedily,6,94,1,0,715,F,19
play_greedily,6,95,0,0,705,F,19
play_greedily,6,96,0,0,700,R,19
play_greedily,6,97,0,0,695,R,19
play_greedily,6,98,1,0,685,F,19
play_greedily,6,99,2,0,675,F,19
play_greedily,6,100,3,0,665,F,19
play_greedily,7,1,4,4,995,L,25
play_greedily,7,2,3,4,1085,F,24
play_greedily,7,3,2,4,1125,F,23
play_greedily,7,4,2,4,1120,L,23
play_greedily,7,5,2,5,1210,F,22
play_greedily,7,6,2,5,1205,R,22
play_greedily,7,7,1,5,1195,F,22
play_greedily,7,8,0,5,1285,F,21
play_greedily,7,9,0,5,1280,L,21
play_greedily,7,10,0,6,1370,F,20
play_greedily,7,11,0,6,1365,L,20
play_greedily,7,12,1,6,1455,F,19
play_greedily,7,13,1,6,1450,L,19
play_greedily,7,14,1,5,1440,F,19
play_greedily,7,15,1,4,1480,F,18
play_greedily,7,16,1,3,1470,F,18
play_greedily,7,17,1,3,1465,R,18
play_greedily,7,18,1,3,1460,R,18
play_greedily,7,19,1,4,1450,F,18
play_greedily,7,20,1,5,1440,F,18
play_greedily,7,21,1,6,1430,F,18
play_greedily,7,22,1,6,1425,R,18
play_greedily,7,23,0,6,1415,F,18
play_greedily,7,24,0,6,1410,R,18
play_greedily,7,25,0,5,1400,F,18
play_greedily,7,26,0,5,1395,R,18
play_greedily,7,27,1,5,1385,F,18
play_greedily,7,28,2,5,1375,F,18
play_greedily,7,29,2,5,1370,L,18
play_greedily,7,30,2,4,1360,F,18
play_greedily,7,31,2,4,1355,R,18
play_greedily,7,32,3,4,1345,F,18
play_greedily,7,33,4,4,1335,F,18
play_greedily,7,34,4,4,1330,R,18
play_greedily,7,35,4,5,1320,F,18
play_greedily,7,36,4,6,1310,F,18
play_greedily,7,37,4,7,1300,F,18
play_greedily,7,38,4,8,1340,F,17
play_greedily,7,39,4,8,1335,R,17
play_greedily,7,40,3,8,1425,F,16
play_greedily,7,41,2,8,1415,F,16
play_greedily,7,42,1,8,1405,F,16
play_greedily,7,43,0,8,1495,F,15
play_greedily,7,44,0,8,1490,R,15
play_greedily,7,45,0,7,1480,F,15
play_greedily,7,46,0,6,1470,F,15
play_greedily,7,47,0,5,1460,F,15
play_greedily,7,48,0,5,1455,R,15
play_greedily,7,49,1,5,1445,F,15
play_greedily,7,50,2,5,1435,F,15
play_greedily,7,51,2,5,1430,L,15
play_greedily,7,52,2,4,1420,F,15
play_greedily,7,53,2,4,1415,R,15
play_greedily,7,54,3,4,1405,F,15
play_greedily,7,55,4,4,1395,F,15
play_greedily,7,56,4,4,1390,R,15
play_greedily,7,57,4,5,1380,F,15
play_greedily,7,58,4,6,1370,F,15
play_greedily,7,59,4,7,1360,F,15
play_greedily,7,60,4,8,1350,F,15
play_greedily,7,61,4,8,1345,R,15
play_greedily,7,62,3,8,1335,F,15
play_greedily,7,63,2,8,1325,F,15
play_greedily,7,64,1,8,1315,F,15
play_greedily,7,65,0,8,1305,F,15
play_greedily,7,66,0,8,1300,R,15
play_greedily,7,67,0,7,1290,F,15
play_greedily,7,68,0,6,1280,F,15
play_greedily,7,69,0,5,1270,F,15
play_greedily,7,70,0,5,1265,R,15
play_greedily,7,71,1,5,1255,F,15
play_greedily,7,72,2,5,1245,F,15
play_greedily,7,73,2,5,1240,L,15
play_greedily,7,74,2,4,1230,F,15
play_greedily,7,75,2,4,1225,R,15
play_greedily,7,76,3,4,1215,F,15
play_greedily,7,77,4,4,1205,F,15
play_greedily,7,78,4,4,1200,R,15
play_greedily,7,79,4,5,1190,F,15
play_greedily,7,80,4,6,1180,F,15
play_greedily,7,81,4,7,1170,F,15
play_greedily,7,82,4,8,1160,F,15
play_greedily,7,83,4,8,1155,R,15
play_greedily,7,84,3,8,1145,F,15
play_greedily,7,85,2,8,1135,F,15
play_greedily,7,86,1,8,1125,F,15
play_greedily,7,87,0,8,1115,F,15
play_greedily,7,88,0,8,1110,R,15
play_greedily,7,89,0,7,1100,F,15
play_greedily,7,90,0,6,1090,F,15
play_greedily,7,91,0,5,1080,F,15
play_greedily,7,92,0,5,1075,R,15
play_greedily,7,93,1,5,1065,F,15
play_greedily,7,94,2,5,1055,F,15
play_greedily,7,95,2,5,1050,L,15
play_greedily,7,96,2,4,1040,F,15
play_greedily,7,97,2,4,1035,R,15
play_greedily,7,98,3,4,1025,F,15
play_greedily,7,99,4,4,1015,F,15
play_greedily,7,100,4,4,1010,R,15
play_greedily,8,1,4,4,995,L,26
play_greedily,8,2,3,4,1035,F,25
play_greedily,8,3,3,4,1030,R,25
play_greedily,8,4,3,3,1120,F,24
play_greedily,8,5,3,2,1110,F,24
play_greedily,8,6,3,2,1105,R,24
play_greedily,8,7,4,2,1195,F,23
play_greedily,8,8,5,2,1185,F,23
play_greedily,8,9,5,2,1180,L,23
play_greedily,8,10,5,1,1220,F,22
play_greedily,8,11,5,1,1215,R,22
play_greedily,8,12,6,1,1305,F,21
play_greedily,8,13,7,1,1345,F,20
play_greedily,8,14,8,1,1335,F,20
play_greedily,8,15,8,1,1330,L,20
play_greedily,8,16,8,0,1370,F,19
play_greedily,8,17,8,0,1365,R,19
play_greedily,8,18,8,0,1360,R,19
play_greedily,8,19,8,1,1350,F,19
play_greedily,8,20,8,2,1340,F,19
play_greedily,8,21,8,2,1335,R,19
play_greedily,8,22,8,2,1330,R,19
play_greedily,8,23,8,1,1320,F,19
play_greedily,8,24,8,0,1310,F,19
play_greedily,8,25,8,0,1305,R,19
play_greedily,8,26,8,0,1300,R,19
play_greedily,8,27,8,1,1290,F,19
play_greedily,8,28,8,2,1280,F,19
play_greedily,8,29,8,2,1275,R,19
play_greedily,8,30,8,2,1270,R,19
play_greedily,8,31,8,1,1260,F,19
play_greedily,8,32,8,0,1250,F,19
play_greedily,8,33,8,0,1245,R,19
play_greedily,8,34,8,0,1240,R,19
play_greedily,8,35,8,1,1230,F,19
play_greedily,8,36,8,2,1220,F,19
play_greedily,8,37,8,2,1215,R,19
play_greedily,8,38,8,2,1210,R,19
play_greedily,8,39,8,1,1200,F,19
play_greedily,8,40,8,0,1190,F,19
play_greedily,8,41,8,0,1185,R,19
play_greedily,8,42,8,0,1180,R,19
play_greedily,8,43,8,1,1170,F,19
play_greedily,8,44,8,2,1160,F,19
play_greedily,8,45,8,2,1155,R,19
play_greedily,8,46,8,2,1150,R,19
play_greedily,8,47,8,1,1140,F,19
play_greedily,8,48,8,0,1130,F,19
play_greedily,8,49,8,0,1125,R,19
play_greedily,8,50,8,0,1120,R,19
play_greedily,8,51,8,1,1110,F,19
play_greedily,8,52,8,2,1100,F,19
play_greedily,8,53,8,2,1095,R,19
play_greedily,8,54,8,2,1090,R,19
play_greedily,8,55,8,1,1080,F,19
play_greedily,8,56,8,0,1070,F,19
play_greedily,8,57,8,0,1065,R,19
play_greedily,8,58,8,0,1060,R,19
play_greedily,8,59,8,1,1050,F,19
play_greedily,8,60,8,2,1040,F,19
play_greedily,8,61,8,2,1035,R,19
play_greedily,8,62,8,2,1030,R,19
play_greedily,8,63,8,1,1020,F,19
play_greedily,8,64,8,0,1010,F,19
play_greedily,8,65,8,0,1005,R,19
play_greedily,8,66,8,0,1000,R,19
play_greedily,8,67,8,1,990,F,19
play_greedily,8,68,8,2,980,F,19
play_greedily,8,69,8,2,975,R,19
play_greedily,8,70,8,2,970,R,19
play_greedily,8,71,8,1,960,F,19
play_greedily,8,72,8,0,950,F,19
play_greedily,8,73,8,0,945,R,19
play_greedily,8,74,8,0,940,R,19
play_greedily,8,75,8,1,930,F,19
play_greedily,8,76,8,2,920,F,19
play_greedily,8,77,8,2,915,R,19
play_greedily,8,78,8,2,910,R,19
play_greedily,8,79,8,1,900,F,19
play_greedily,8,80,8,0,890,F,19
play_greedily,8,81,8,0,885,R,19
play_greedily,8,82,8,0,880,R,19
play_greedily,8,83,8,1,870,F,19
play_greedily,8,84,8,2,860,F,19
play_greedily,8,85,8,2,855,R,19
play_greedily,8,86,8,2,850,R,19
play_greedily,8,87,8,1,840,F,19
play_greedily,8,88,8,0,830,F,19
play_greedily,8,89,8,0,825,R,19
play_greedily,8,90,8,0,820,R,19
play_greedily,8,91,8,1,810,F,19
play_greedily,8,92,8,2,800,F,19
play_greedily,8,93,8,2,795,R,19
play_greedily,8,94,8,2,790,R,19
play_greedily,8,95,8,1,780,F,19
play_greedily,8,96,8,0,770,F,19
play_greedily,8,97,8,0,765,R,19
play_greedily,8,98,8,0,760,R,19
play_greedily,8,99,8,1,750,F,19
play_greedily,8,100,8,2,740,F,19
play_greedily,9,1,4,3,1090,F,23
play_greedily,9,2,4,2,1080,F,23
play_greedily,9,3,4,1,1070,F,23
play_greedily,9,4,4,1,1065,L,23
play_greedily,9,5,3,1,1155,F,22
play_greedily,9,6,3,1,1150,R,22
play_greedily,9,7,3,0,1190,F,21
play_greedily,9,8,3,0,1185,R,21
play_greedily,9,9,4,0,1225,F,20
play_greedily,9,10,5,0,1215,F,20
play_greedily,9,11,6,0,1255,F,19
play_greedily,9,12,6,0,1250,R,19
play_greedily,9,13,6,1,1240,F,19
play_greedily,9,14,6,2,1280,F,18
play_greedily,9,15,6,3,1270,F,18
play_greedily,9,16,6,4,1310,F,17
play_greedily,9,17,6,4,1305,R,17
play_greedily,9,18,5,4,1295,F,17
play_greedily,9,19,4,4,1285,F,17
play_greedily,9,20,3,4,1325,F,16
play_greedily,9,21,2,4,1415,F,15
play_greedily,9,22,2,4,1410,L,15
play_greedily,9,23,2,5,1450,F,14
play_greedily,9,24,2,5,1445,L,14
play_greedily,9,25,3,5,1535,F,13
play_greedily,9,26,4,5,1575,F,12
play_greedily,9,27,5,5,1565,F,12
play_greedily,9,28,5,5,1560,L,12
play_greedily,9,29,5,4,1550,F,12
play_greedily,9,30,5,3,1540,F,12
play_greedily,9,31,5,3,1535,R,12
play_greedily,9,32,6,3,1525,F,12
play_greedily,9,33,7,3,1515,F,12
play_greedily,9,34,8,3,1505,F,12
play_greedily,9,35,8,3,1500,R,12
play_greedily,9,36,8,4,1540,F,11
play_greedily,9,37,8,5,1580,F,10
play_greedily,9,38,8,6,1670,F,9
play_greedily,9,39,8,7,1660,F,9
play_greedily,9,40,8,8,1750,F,8
play_greedily,9,41,8,8,1745,R,8
play_greedily,9,42,7,8,1785,F,7
play_greedily,9,43,6,8,1775,F,7
play_greedily,9,44,5,8,1765,F,7
play_greedily,9,45,5,8,1760,R,7
play_greedily,9,46,5,7,1800,F,6
play_greedily,9,47,5,6,1790,F,6
play_greedily,9,48,5,5,1780,F,6
play_greedily,9,49,5,4,1770,F,6
play_greedily,9,50,5,3,1760,F,6
play_greedily,9,51,5,3,1755,R,6
play_greedily,9,52,6,3,1745,F,6
play_greedily,9,53,7,3,1735,F,6
play_greedily,9,54,8,3,1725,F,6
play_greedily,9,55,8,3,1720,L,6
play_greedily,9,56,8,2,1710,F,6
play_greedily,9,57,8,1,1700,F,6
play_greedily,9,58,8,0,1690,F,6
play_greedily,9,59,8,0,1685,R,6
play_greedily,9,60,8,0,1680,R,6
play_greedily,9,61,8,1,1670,F,6
play_greedily,9,62,8,2,1660,F,6
play_greedily,9,63,8,3,1650,F,6
play_greedily,9,64,8,4,1640,F,6
play_greedily,9,65,8,5,1630,F,6
play_greedily,9,66,8,6,1620,F,6
play_greedily,9,67,8,7,1610,F,6
play_greedily,9,68,8,8,1600,F,6
play_greedily,9,69,8,8,1595,R,6
play_greedily,9,70,7,8,1585,F,6
play_greedily,9,71,6,8,1575,F,6
play_greedily,9,72,5,8,1565,F,6
play_greedily,9,73,4,8,1555,F,6
play_greedily,9,74,3,8,1545,F,6
play_greedily,9,75,3,8,1540,R,6
play_greedily,9,76,3,7,1630,F,5
play_greedily,9,77,3,7,1625,L,5
play_greedily,9,78,2,7,1665,F,4
play_greedily,9,79,1,7,1705,F,3
play_greedily,9,80,0,7,1695,F,3
play_greedily,9,81,0,7,1690,R,3
play_greedily,9,82,0,6,1680,F,3
play_greedily,9,83,0,5,1670,F,3
play_greedily,9,84,0,5,1665,R,3
play_greedily,9,85,0,5,1660,R,3
play_greedily,9,86,0,6,1650,F,3
play_greedily,9,87,0,7,1640,F,3
play_greedily,9,88,0,7,1635,R,3
play_greedily,9,89,0,7,1630,R,3
play_greedily,9,90,0,6,1620,F,3
play_greedily,9,91,0,5,1610,F,3
play_greedily,9,92,0,5,1605,R,3
play_greedily,9,93,0,5,1600,R,3
play_greedily,9,94,0,6,1590,F,3
play_greedily,9,95,0,7,1580,F,3
play_greedily,9,96,0,7,1575,R,3
play_greedily,9,97,0,7,1570,R,3
play_greedily,9,98,0,6,1560,F,3
play_greedily,9,99,0,5,1550,F,3
play_greedily,9,100,0,5,1545,R,3
play_greedily,10,1,4,4,995,R,25
play_greedily,10,2,5,4,1035,F,24
play_greedily,10,3,5,4,1030,R,24
play_greedily,10,4,5,5,1020,F,24
play_greedily,10,5,5,6,1010,F,24
play_greedily,10,6,5,6,1005,R,24
play_greedily,10,7,4,6,995,F,24
play_greedily,10,8,3,6,1035,F,23
play_greedily,10,9,3,6,1030,R,23
play_greedily,10,10,3,5,1020,F,23
play_greedily,10,11,3,5,1015,R,23
play_greedily,10,12,4,5,1005,F,23
play_greedily,10,13,5,5,995,F,23
play_greedily,10,14,6,5,985,F,23
play_greedily,10,15,7,5,975,F,23
play_greedily,10,16,7,5,970,L,23
play_greedily,10,17,7,4,1010,F,22
play_greedily,10,18,7,3,1000,F,22
play_greedily,10,19,7,3,995,R,22
play_greedily,10,20,8,3,985,F,22
play_greedily,10,21,8,3,980,L,22
play_greedily,10,22,8,2,970,F,22
play_greedily,10,23,8,2,965,R,22
play_greedily,10,24,8,2,960,R,22
play_greedily,10,25,8,3,950,F,22
play_greedily,10,26,8,4,940,F,22
play_greedily,10,27,8,4,935,R,22
play_greedily,10,28,7,4,925,F,22
play_greedily,10,29,7,4,920,R,22
play_greedily,10,30,7,3,910,F,22
play_greedily,10,31,7,3,905,R,22
play_greedily,10,32,8,3,895,F,22
play_greedily,10,33,8,3,890,L,22
play_greedily,10,34,8,2,880,F,22
play_greedily,10,35,8,2,875,R,22
play_greedily,10,36,8,2,870,R,22
play_greedily,10,37,8,3,860,F,22
play_greedily,10,38,8,4,850,F,22
play_greedily,10,39,8,4,845,R,22
play_greedily,10,40,7,4,835,F,22
play_greedily,10,41,7,4,830,R,22
play_greedily,10,42,7,3,820,F,22
play_greedily,10,43,7,3,815,R,22
play_greedily,10,44,8,3,805,F,22
play_greedily,10,45,8,3,800,L,22
play_greedily,10,46,8,2,790,F,22
play_greedily,10,47,8,2,785,R,22
play_greedily,10,48,8,2,780,R,22
play_greedily,10,49,8,3,770,F,22
play_greedily,10,50,8,4,760,F,22
play_greedily,10,51,8,4,755,R,22
play_greedily,10,52,7,4,745,F,22
play_greedily,10,53,7,4,740,R,22
play_greedily,10,54,7,3,730,F,22
play_greedily,10,55,7,3,725,R,22
play_greedily,10,56,8,3,715,F,22
play_greedily,10,57,8,3,710,L,22
play_greedily,10,58,8,2,700,F,22
play_greedily,10,59,8,2,695,R,22
play_greedily,10,60,8,2,690,R,22
play_greedily,10,61,8,3,680,F,22
play_greedily,10,62,8,4,670,F,22
play_greedily,10,63,8,4,665,R,22
play_greedily,10,64,7,4,655,F,22
play_greedily,10,65,7,4,650,R,22
play_greedily,10,66,7,3,640,F,22
play_greedily,10,67,7,3,635,R,22
play_greedily,10,68,8,3,625,F,22
play_greedily,10,69,8,3,620,L,22
play_greedily,10,70,8,2,610,F,22
play_greedily,10,71,8,2,605,R,22
play_greedily,10,72,8,2,600,R,22
play_greedily,10,73,8,3,590,F,22
play_greedily,10,74,8,4,580,F,22
play_greedily,10,75,8,4,575,R,22
play_greedily,10,76,7,4,565,F,22
play_greedily,10,77,7,4,560,R,22
play_greedily,10,78,7,3,550,F,22
play_greedily,10,79,7,3,545,R,22
play_greedily,10,80,8,3,535,F,22
play_greedily,10,81,8,3,530,L,22
play_greedily,10,82,8,2,520,F,22
play_greedily,10,83,8,2,515,R,22
play_greedily,10,84,8,2,510,R,22
play_greedily,10,85,8,3,500,F,22
play_greedily,10,86,8,4,490,F,22
play_greedily,10,87,8,4,485,R,22
play_greedily,10,88,7,4,475,F,22
play_greedily,10,89,7,4,470,R,22
play_greedily,10,90,7,3,460,F,22
play_greedily,10,91,7,3,455,R,22
play_greedily,10,92,8,3,445,F,22
play_greedily,10,93,8,3,440,L,22
play_greedily,10,94,8,2,430,F,22
play_greedily,10,95,8,2,425,R,22
play_greedily,10,96,8,2,420,R,22
play_greedily,10,97,8,3,410,F,22
play_greedily,10,98,8,4,400,F,22
play_greedily,10,99,8,4,395,R,22
play_greedily,10,100,7,4,385,F,22
